{"diyanqi@qq.com": 1649241000.709602, "toby_lai@126.com": 1649728627.6310825}